stop_name,mainTrafficType,lat,lon
Hlavní nádraží,,49.8505520044039,18.2684410095482
Hlavní nádraží,,49.8513320046062,18.2681490086574
Hlavní nádraží,,49.8503210042886,18.2681920084481
Hlavní nádraží,,49.8506890044127,18.2679950085322
Náměstí S.Čecha,,49.8500110046368,18.2726770092088
Náměstí S.Čecha,,49.8500450042038,18.2737730087174
Muglinovská,,49.8490190044317,18.2780120086419
Muglinovská,,49.8495710040205,18.2775830091775
Muglinovská,,49.8486860039657,18.2785760089977
Křižíkova,,49.8455030040812,18.2804300087895
Křižíkova,,49.8460850045658,18.2803050086041
Křižíkova,,49.8448310043676,18.280410009192
Důl Jindřich,,49.8400560043903,18.2837210084323
Důl Jindřich,,49.840610004609,18.2834280094035
Stodolní,,49.8367210046046,18.2857380082209
Stodolní,,49.8368050044872,18.2859080090663
Elektra,,49.8342760046427,18.287953008905
Elektra,,49.8348240042519,18.2877820094917
Náměstí Republiky,,49.8316150042774,18.2798760092782
Náměstí Republiky,,49.8316550040018,18.2807400089015
Náměstí Republiky,,49.8316930044799,18.279855009528
Náměstí Republiky,,49.8318530044686,18.2780550093457
Náměstí Republiky,,49.8320040039383,18.2784710085928
Don Bosco,,49.8266560040817,18.278559009252
Don Bosco,,49.8277610042982,18.2787370093178
Dolní Vítkovice Hlubina,,49.8228550040661,18.2772650089196
Dolní Vítkovice Hlubina,,49.8233420045381,18.2778540091556
Dolní Vítkovice,,49.817852004033,18.2755230093023
Dolní Vítkovice,,49.8184440045762,18.2755630094845
Dolní Vítkovice,,49.8182720045718,18.2776790083265
"Vítkovice,Mírové nám.",,49.8143860045609,18.2647810086199
"Vítkovice,Mírové nám.",,49.8147560042036,18.266096008754
"Vítkovice,Mírové nám.",,49.8155040042271,18.2683490090209
"Vítkovice,Mírové nám.",,49.8152020038916,18.26792700885
"Vítkovice,Mírové nám.",,49.8136860046132,18.2649440085432
"Vítkovice,Mírové nám.",,49.8136450039572,18.2672190088578
"Vítkovice,Mírové nám.",,49.8144660041995,18.2667720092638
Stará ocelárna,,49.8115590046058,18.2585650091716
Stará ocelárna,,49.8118100043191,18.2592950085611
Stará ocelárna,,49.8131480042708,18.2619300089146
Stará ocelárna,,49.8120720046174,18.2599570094202
Ředitel.Vítkovic,,49.8086730046382,18.2526430091128
Ředitel.Vítkovic,,49.8079710039982,18.2514250092953
Ředitel.Vítkovic,,49.8083860041852,18.2519800093302
Ředitel.Vítkovic,,49.8089180039349,18.2534200086609
Městský stadion,,49.8027480040697,18.2554030088726
Městský stadion,,49.8030550042156,18.2546290083395
Městský stadion,,49.8027930040736,18.2591040082712
Městský stadion,,49.8011440044827,18.2556560089817
Most Čs. armády,,49.7991660038753,18.2606100083845
Most Čs. armády,,49.7997310045175,18.2603130090326
Nádraží Vítkovice,,49.8006650042511,18.2620080088301
Nádraží Vítkovice,,49.8002590042863,18.2623580082572
Nádraží Vítkovice,,49.7997940038918,18.2638170095295
Nádraží Vítkovice,,49.7997080039453,18.2631280095872
Nádraží Vítkovice,,49.7999040045876,18.2615410092674
Nádraží Vítkovice,,49.8002750039161,18.2612500089743
Nádraží Vítkovice,,49.8007540040437,18.2629890090758
Nádraží Vítkovice,,49.800783003969,18.2629850087602
Rodinná,,49.7975080042877,18.249603008688
Rodinná,,49.797591003948,18.2503200082251
Rodinná,,49.7966140038892,18.2486360087244
Rodinná,,49.7969540045232,18.2486260081526
Rodinná,,49.7967110040231,18.2492550086369
Rodinná,,49.7969950045714,18.2492990092748
Kpt.Vajdy,,49.7962150038889,18.244684009051
Kpt.Vajdy,,49.7961460044753,18.2457900094357
Rodimcevova,,49.795488003885,18.238119009075
Rodimcevova,,49.7954880042099,18.2387740094914
"Zábřeh,vodárna",,49.7940870040361,18.2319880093211
"Zábřeh,vodárna",,49.7945040042077,18.2325930094691
Kotva,,49.7908960044575,18.2286020085659
Kotva,,49.7913170043597,18.2292040083386
Kotva,,49.7915300038943,18.2306780087385
Kotva,,49.7911670042526,18.2312590087187
Kotva,,49.7911300043963,18.2286890086459
Kino Luna,,49.7871470038978,18.2258140094227
Kino Luna,,49.7876440040969,18.2261510092216
Kino Luna,,49.7884840043918,18.226227009125
Kino Luna,,49.7881180042677,18.2265220084066
29.dubna,,49.781159003744,18.2232410084667
29.dubna,,49.7815540045059,18.2235160085249
29.dubna,,49.7801020039695,18.2227790091412
29.dubna,,49.780211004374,18.2232670092647
Nové Výškovice,,49.7776790045541,18.2228090087887
Nové Výškovice,,49.7780360043284,18.2229380082832
Výškovice,,49.7738370045674,18.2228800087695
Výškovice,,49.7742040042957,18.2230080086672
Výškovice,,49.7750110038202,18.2226780090228
Výškovice,,49.7766260040811,18.2231400094094
Výškovice,,49.7741990039661,18.2231670088629
"Poruba,Vřesinská",,49.8225180046245,18.1586850085389
"Poruba,Vřesinská",,49.8222100042272,18.1585800088219
"Poruba,Vřesinská",,49.8225700045509,18.1582640090476
"Poruba,Vřesinská",,49.8221150042877,18.1585170085129
Fakultní nemocnice,,49.8266550038203,18.1615360082048
Fakultní nemocnice,,49.8265180046108,18.1615890082627
Fakultní nemocnice,,49.8291800044826,18.1629680093037
Fakultní nemocnice,,49.8276210039831,18.1623630095222
Hlavní třída,,49.8312460044278,18.1643240091904
Hlavní třída,,49.8305290039447,18.1640090092061
Rektorát VŠB,,49.8340310043919,18.1660090088263
Rektorát VŠB,,49.8345620042983,18.1678730089938
Rektorát VŠB,,49.8336880043292,18.1655970085919
Rektorát VŠB,,49.8334100041616,18.1658400081511
"Poruba,vozovna",,49.8324890040798,18.1763860084934
"Poruba,vozovna",,49.8326720045316,18.1753450091466
"Poruba,vozovna",,49.8334030038785,18.1763870089416
"Poruba,vozovna",,49.8317240039907,18.1751100082122
"Poruba,vozovna",,49.8336870041518,18.1721550086152
"Poruba,vozovna",,49.8330810043352,18.1734010093285
Telekom.škola,,49.8301080038854,18.1857260093595
Telekom.škola,,49.8298030042706,18.1865950085813
Třebovická,,49.8282650044166,18.1930010088145
Třebovická,,49.8282660043456,18.1926230086879
Třebovická,,49.8283120042833,18.1959350081614
Třebovická,,49.8282980044523,18.1957830086403
"Svinov,mosty",,49.8244350039466,18.2093460094695
"Svinov,mosty",,49.8241960040275,18.2104020091243
"Svinov,mosty",,49.824530004088,18.2098460085289
"Svinov,mosty",,49.8240350045302,18.2104350093181
"Svinov,mosty",,49.8241990045207,18.2106560088819
"Svinov,mosty",,49.824183003983,18.2107570085271
"Nová Ves,vodárna",,49.8240210043663,18.2329550089171
"Nová Ves,vodárna",,49.8239210042304,18.2328480094554
"Nová Ves,vodárna",,49.8238450042381,18.2347970087055
"Nová Ves,vodárna",,49.8232630041345,18.234955008375
"Nová Ves,vodárna",,49.825738003883,18.2336270082597
"Nová Ves,vodárna",,49.825528004382,18.23426900817
"Nová Ves,vodárna",,49.8242350046376,18.2334510088503
"Nová Ves,vodárna",,49.8244210042908,18.2359370087368
Hulváky,,49.8258950040996,18.2439760082084
Hulváky,,49.8259180041085,18.2442900095326
Hulváky,,49.8262020042814,18.2442790086834
Hulváky,,49.8264720043195,18.2436660084743
Hulváky,,49.8264390037618,18.243513008491
Prostorná,,49.8268540043155,18.2499270083193
Prostorná,,49.826962004525,18.2508450084808
Mariánské náměstí,,49.8278520043257,18.2561770094085
Mariánské náměstí,,49.8282590045036,18.2592910085423
Mariánské náměstí,,49.8270830042114,18.2582750095388
Mariánské náměstí,,49.828867004483,18.2565780093989
Mariánské náměstí,,49.8286550042735,18.2570290093762
Železárenská,,49.8223940041202,18.2614640082924
Železárenská,,49.8229130041332,18.2613270092466
Pohraniční,,49.8187480040628,18.2639110084565
Pohraniční,,49.8185870038551,18.2642610084741
Martinov,,49.8537660045023,18.1830440084135
Martinov,,49.8534590044524,18.183006008988
Martinov,,49.8535150044274,18.182673008747
Martinov,,49.852473004455,18.1832280086573
Dílny DP Ostrava,,49.8468300043174,18.1822360089085
Dílny DP Ostrava,,49.8463260038514,18.1821320088288
Dílny DP Ostrava,,49.8468310041197,18.1821220086979
Dílny DP Ostrava,,49.8473450039893,18.1819500086572
Dílny DP Ostrava,,49.8482970044454,18.1815430083237
Dílny DP Ostrava,,49.8484640045863,18.1812780091832
Dílny DP Ostrava,,49.8472390044134,18.1829080081432
Bedřicha Nikodéma,,49.8422810043606,18.1827190084051
Bedřicha Nikodéma,,49.8417700044712,18.182896008353
Bedřicha Nikodéma,,49.8427430040292,18.1827200094891
Bedřicha Nikodéma,,49.8434940038847,18.1819920094895
Bedřicha Nikodéma,,49.8412830038074,18.1818280084573
Bedřicha Nikodéma,,49.8412310042952,18.1822990084574
Čistírny,,49.8391300043053,18.1872930089763
Čistírny,,49.8387790039215,18.1877230091426
Čistírny,,49.839162004262,18.1875360093252
Čistírny,,49.8391910041594,18.1867440089847
Sokolovská,,49.8338810045206,18.1883520094149
Sokolovská,,49.8335000046095,18.1878070081338
Dům energetiky,,49.8292730046114,18.2651310086294
Dům energetiky,,49.8291530043005,18.2649550093878
Dům energetiky,,49.8283130044289,18.2639090090246
Dům energetiky,,49.8298200039319,18.2636150083365
Krajský úřad,,49.8303880041018,18.2721910085111
Krajský úřad,,49.8304580041419,18.2730210088198
Sad B.Němcové,,49.8506950044834,18.2770490091487
Sad B.Němcové,,49.8510510042596,18.2774950090895
Sad B.Němcové,,49.8507820042888,18.2775340082814
Sad B.Němcové,,49.8503220041462,18.2796440091509
Sad B.Němcové,,49.8516670039989,18.2801380090627
Sad B.Němcové,,49.8533880042475,18.2759010086872
Sad B.Němcové,,49.8520330037819,18.2771060086145
Důl Odra,,49.8572940038294,18.2723040089488
Důl Odra,,49.8577190044528,18.2720890082818
Důl Odra,,49.8564890044736,18.2727320091137
Důl Odra,,49.856760004256,18.2729020084701
"Přívoz,Hlučínská",,49.8603760042285,18.264929008307
"Přívoz,Hlučínská",,49.8606160040872,18.265602008301
"Přívoz,Hlučínská",,49.8603810045959,18.2639020092697
"Přívoz,Hlučínská",,49.8605080043415,18.2643160084746
"Přívoz,Hlučínská",,49.8591730043713,18.26424000821
"Přívoz,Hlučínská",,49.8590070045657,18.2635560087052
"Poruba,koupaliště",,49.8245010040738,18.1460110087118
"Poruba,koupaliště",,49.824253004705,18.1464280092931
Krásné Pole,,49.8338790043506,18.1132640083112
Krásné Pole,,49.833723004085,18.1137840093146
Střelnice,,49.8198470042268,18.2364550085008
Střelnice,,49.820434004071,18.236387008433
Ferona,,49.8139950040716,18.2397110093102
Ferona,,49.8145010044749,18.239239009061
Hulvácká,,49.8105030043917,18.2433460089042
Hulvácká,,49.811048004105,18.2431430082809
Palkovského,,49.8077470043744,18.2474880081623
Palkovského,,49.8082080045146,18.2470570085553
Výstaviště,,49.8330410045329,18.2910110088704
Výstaviště,,49.8327030042316,18.2917670082667
Výstaviště,,49.8333090045179,18.2899880083248
Výstaviště,,49.8335220042325,18.2903100092357
Výstaviště,,49.8329490038992,18.2900220095121
Důl Zárubek,,49.8280450043943,18.3013760092963
Důl Zárubek,,49.8278270043741,18.302128008377
Důl Zárubek,,49.8277320045756,18.3012720087069
Důl Zárubek,,49.8284510040214,18.3011290083498
Hranečník,,49.8238640042689,18.3180410082225
Hranečník,,49.8243590044809,18.3194090082639
Hranečník,,49.8244650037876,18.3186150093306
Hranečník,,49.8237520043766,18.3183280089012
Hranečník,,49.824482004225,18.3195060086406
Teplotechna,,49.8212120044902,18.314889008798
Teplotechna,,49.8211150040723,18.3140280085518
Osada Míru,,49.8115060039249,18.3054630094208
Osada Míru,,49.8123090044656,18.3055130091543
Osada Míru,,49.8115210040143,18.3055210090525
Osada Míru,,49.8123010040131,18.3054460088734
Vratimovská,,49.805461004327,18.3043060083274
Vratimovská,,49.80495900378,18.304111008381
Vratimovská,,49.804504003957,18.301774008716
Vratimovská,,49.8043910043096,18.3019610084871
Vratimovská,,49.8043910043096,18.3019610084871
Nová huť učiliště,,49.8000240045075,18.3040830094263
Nová huť učiliště,,49.8009620039102,18.3039910093949
Nová huť učiliště,,49.8014980038241,18.3041950083476
Nová huť učiliště,,49.7998610043602,18.3039070082316
Nová huť hl.brána,,49.7973410039204,18.3031760083225
Nová huť hl.brána,,49.7970450044346,18.3026700085572
Nová huť hl.brána,,49.7981090039194,18.3041860091996
Nová huť hl.brána,,49.7974530037436,18.3039670086131
Nová huť hl.brána,,49.7970840040369,18.3040060084807
Nová huť hl.brána,,49.7968450044449,18.3030540092065
Nová huť hl.brána,,49.7972970039632,18.3025680084937
Nová huť garáže,,49.793431003855,18.299491008271
Nová huť garáže,,49.7949140041908,18.3000010090922
Nová huť již.brána,,49.79186200454,18.299207008907
Nová huť již.brána,,49.7919570041265,18.2992240086344
Nová huť již.brána,,49.7922210043795,18.2985520087347
Nová huť již.brána,,49.7917750040294,18.2989700085448
Svornosti,,49.7852410037573,18.229953009059
Svornosti,,49.7854380040514,18.2295950083314
Zábřeh,,49.7837820041742,18.2353230087663
Zábřeh,,49.7839910038518,18.2352430087171
Hotel Bělský les,,49.7923970041617,18.2481260092105
Hotel Bělský les,,49.7925730043852,18.2487320089036
Hotel.dům Hlubina,,49.7869620042656,18.2560100089586
Hotel.dům Hlubina,,49.7865850043771,18.2562050082995
Hotel.dům Hlubina,,49.7871330038348,18.2563130094755
Hotel.dům Hlubina,,49.7870310041377,18.2557830087082
Josefa Kotase,,49.7832820041763,18.2555520086666
Josefa Kotase,,49.7837270044868,18.2561130084015
Josefa Kotase,,49.7836930042242,18.2561900089136
Josefa Kotase,,49.7836920042779,18.2563660081791
Jubilejní kolonie,,49.7942720044035,18.2655630088563
Jubilejní kolonie,,49.7945190045654,18.2653750089408
Provaznická,,49.7899650038706,18.2710570096145
Provaznická,,49.7904790045646,18.2708150085229
"Hrabůvka,kostel",,49.7863860041572,18.2666050095444
"Hrabůvka,kostel",,49.7864560041008,18.2673550082878
"Hrabůvka,kostel",,49.7865270038913,18.2665110082822
"Hrabůvka,kostel",,49.7860780040594,18.2663810083542
"Hrabůvka,Poliklinika",,49.7848940043977,18.2597070087449
"Hrabůvka,Poliklinika",,49.7850050039227,18.2605960094631
"Hrabůvka,Poliklinika",,49.7851530045391,18.2601060083117
"Hrabůvka,Poliklinika",,49.7845990043275,18.2595180093937
Dolní,,49.8053740037884,18.2446910091474
Dolní,,49.8058050041476,18.2446730086976
Tylova,,49.8011590045344,18.2465590089948
Tylova,,49.801600003962,18.2464810086697
Domov sester,,49.8260290046278,18.160159008577
Domov sester,,49.8261480041452,18.1601620083232
"Hrabová,Tesco",,49.7742060038323,18.2657430091903
"Hrabová,Tesco",,49.7741190041389,18.2655440092061
"Hrabová,Tesco",,49.7735170046122,18.2658790088567
Šídlovec,,49.7791550039086,18.2764010092004
Šídlovec,,49.7791190038055,18.2769320088287
Šídlovec,,49.7789090040245,18.2756640090687
Šídlovec,,49.7786930045895,18.2752680085744
"Hrabová,Kostelík",,49.7737610039179,18.2826680082528
"Hrabová,Kostelík",,49.7733200043887,18.2831800093838
Mostní,,49.7698750044217,18.2881740087733
Mostní,,49.7689010045224,18.2887000084763
Staviva,,49.7749330039422,18.2949360082864
Staviva,,49.7751010043467,18.2950430085587
Technoplyn,,49.7796010039801,18.2907290083835
Technoplyn,,49.7798740042204,18.2908220086117
Areál OZO,,49.785841003797,18.2880890090041
Areál OZO,,49.7854240041026,18.288340008802
"Kunčice,škola",,49.792597004596,18.2882400088889
"Kunčice,škola",,49.7927550044875,18.2886100090921
Dřevoprodej,,49.7918640037928,18.2713980093035
Dřevoprodej,,49.7916020043649,18.2715130094829
Dřevoprodej,,49.7918790039135,18.2715650092574
Dřevoprodej,,49.7921490040611,18.2719320091063
U Chladičů,,49.8146170040824,18.2736250095574
Nová huť Zářičí,,49.7975530045364,18.3288410094381
Nová huť Zářičí,,49.7973850042231,18.3285310092366
Nová huť Zářičí,,49.7981620043736,18.3282650082157
ÚAN,,49.830879003932,18.2789310085666
ÚAN,,49.8301770044748,18.2805750092627
Nádraží střed,,49.829067003878,18.2818450084945
"Sl.Ostrava,kostel",,49.8316280037909,18.303958009454
"Sl.Ostrava,kostel",,49.8314680041884,18.3047400085598
Most M.Sýkory,,49.8368280039926,18.2939720096093
Most M.Sýkory,,49.8369910041198,18.2947540089469
Most M.Sýkory,,49.8374890039398,18.2936050091369
Most M.Sýkory,,49.8365910042841,18.2949010095368
Hotel Palace,,49.8313380044083,18.288895009392
"Polanka,žel.zast.",,49.7789910038706,18.1885850083745
"Polanka,žel.zast.",,49.7776590042819,18.1902240087195
"Polanka,žel.zast.",,49.7776590042819,18.1902240087195
U Kříže,,49.8436140045526,18.3514230089526
U Kříže,,49.8437360040574,18.3518880084233
Důl Alexander,,49.8114140039326,18.2993530089125
Důl Alexander,,49.8114400045223,18.2994760095288
Holvekova,,49.8080660045838,18.2978570087918
Holvekova,,49.807979003916,18.2980050083356
Škrobálkova,,49.8073740038764,18.2915080085953
Škrobálkova,,49.8077070044995,18.2920600083796
Shopping Park,,49.7995670043021,18.2228560093511
Shopping Park,,49.7981340043641,18.224419008162
U Rozvodny,,49.7992370044243,18.2896860092558
U Rozvodny,,49.8006310044457,18.2904130090341
Polní,,49.7669470040189,18.2279930084135
Polní,,49.7674030044475,18.2275860086909
Karolina,,49.8327300043756,18.286822008241
Karolina,,49.8327900039134,18.2876490091904
Karolina,,49.8322810043195,18.2863480089937
Karolina,,49.8329780044169,18.2860150090512
Všehrdův sad,,49.8417590046709,18.2985410092481
Všehrdův sad,,49.84190000455,18.3004610089037
Všehrdův sad,,49.84190000455,18.3004610089037
Briketářská,,49.8440060038541,18.3472040086145
Briketářská,,49.8436570038662,18.3481080087987
Košická,,49.8468720044594,18.3435560083822
Košická,,49.8463920038452,18.3438950096279
Brigádnická,,49.8486270038111,18.3416290091544
Brigádnická,,49.8486990040517,18.3412610093121
Poštulkova,,49.8507500038573,18.3360720094949
Poštulkova,,49.8506440044806,18.3360720088258
Záblatská,,49.8549640041144,18.3321390090728
Záblatská,,49.8547900038634,18.3320700092453
"Heřmanice,pošta",,49.8593380039291,18.3305000092484
"Heřmanice,pošta",,49.8591820040877,18.3304910091756
U Dvora,,49.8647530041366,18.3263060091958
U Dvora,,49.8643810046238,18.3265460086205
Důl Heřmanice,,49.8620620040481,18.3150740087332
Důl Heřmanice,,49.8617370045213,18.3159440081949
Důl Heřmanice,,49.8621670042357,18.3163660095094
Důl Heřmanice,,49.8620250039373,18.3158560089936
Parcelní,,49.8588610044428,18.3227720093529
Parcelní,,49.8590770038888,18.3220800091035
Dolina,,49.8573790041691,18.3244670090103
Dolina,,49.8569790046325,18.3244750087112
Chrustova,,49.8523580039765,18.3192470091516
Chrustova,,49.8521210041976,18.3185740084204
Koněvova,,49.8497170038572,18.3154700096217
Koněvova,,49.8498520046231,18.3153010084978
Kepkova,,49.8465840039698,18.3150150092165
Kepkova,,49.8468830046782,18.3150590094381
VŠ podnikání,,49.8438400042116,18.3122820084634
VŠ podnikání,,49.8439030044549,18.3133540089742
VŠ podnikání,,49.8443250039087,18.3131470083532
Revírní br. pokladna,,49.8432970041329,18.3067690089306
Revírní br. pokladna,,49.8425360045519,18.3044660090478
Revírní br. pokladna,,49.843789003861,18.3054720087687
Revírní br. pokladna,,49.8438150042621,18.3038020090435
Revírní br. pokladna,,49.8436180043051,18.3050270086182
Stadion Bazaly,,49.8454450037483,18.297928008386
Stadion Bazaly,,49.8451780039299,18.2974750085893
Kamenec,,49.8449400040312,18.2952090090953
Kamenec,,49.8435540043243,18.2949110085056
Českobratrská,,49.8362270039566,18.2766150095165
Českobratrská,,49.8364620043817,18.2760180081781
Českobratrská,,49.8355210042868,18.2758990088802
Českobratrská,,49.8355400046486,18.2772830087824
Českobratrská,,49.8350280045443,18.2767200084625
Stan.záchr.služby,,49.83481900451,18.2729000085826
Stan.záchr.služby,,49.8348130045976,18.2724020088998
Stan.záchr.služby,,49.8350630042512,18.2694820085309
Dům vodohospodářů,,49.8314260045111,18.2659400090069
Dům vodohospodářů,,49.8313970044675,18.2651980083709
Zelená,,49.8255710045359,18.2657350082506
Zelená,,49.826897004107,18.2650880086235
Zelená,,49.8262110038146,18.2642960092278
Gajdošova,,49.8229720045094,18.267559009083
Gajdošova,,49.8238110045111,18.2672280090565
Hlubinská,,49.8199560046504,18.2701630094106
Hlubinská,,49.8206350044286,18.2699480087131
Lidická,,49.809844003801,18.2686620084466
Lidická,,49.8097330037743,18.2689170087674
Salma,,49.8336650038082,18.3289730088213
Nám.J.z Poděbrad,,49.8128690042581,18.2715160090958
Nám.J.z Poděbrad,,49.8129140045478,18.2712780084924
Český dům,,49.8124930042695,18.2746580087393
Český dům,,49.8131160044081,18.274826008312
Český dům,,49.8119940041595,18.2738230093439
Český dům,,49.8123520045168,18.2740230093864
Důl Jeremenko,,49.8065110040049,18.2748950095265
Důl Jeremenko,,49.8070610046283,18.2751910091876
Důl Jeremenko,,49.8064940039581,18.2750560094483
Důl Jeremenko,,49.8068850042604,18.2755970091821
Kolonie Jeremenko,,49.8003680045228,18.2717350093183
Kolonie Jeremenko,,49.8008420043125,18.2721010088711
Kolonie Jeremenko,,49.8009530046084,18.2722280088466
Kolonie Jeremenko,,49.8016850043451,18.273002009163
Moravská,,49.7952870041267,18.2710470083315
Moravská,,49.7951780040971,18.2712230088903
Moravská,,49.7970600040202,18.2709000085322
Moravská,,49.7977050041769,18.2720230087275
Beta,,49.7661710043984,18.2912460093307
Beta,,49.7654380043019,18.29198100947
Bělská,,49.7628360040771,18.2936960087787
Bělská,,49.7622080044464,18.2934980086754
"Hrabová,statek",,49.7567160040695,18.2938970092631
"Hrabová,statek",,49.7564180042439,18.2935170085756
SPORT ARÉNA,,49.8046250043346,18.2508830090412
SPORT ARÉNA,,49.8051330038121,18.2506170087254
SPORT ARÉNA,,49.805988003881,18.2471270086957
SPORT ARÉNA,,49.8058030037663,18.247015009138
Žižkovská,,49.775917004057,18.2678660085587
Žižkovská,,49.7752280045828,18.265207008232
Žižkovská,,49.7750490046155,18.2668670093423
U Švasty,,49.8206760043707,18.329331008515
U Švasty,,49.8223950041399,18.3271160086487
U Káňů,,49.8174120037209,18.3400110085295
U Káňů,,49.8178940038627,18.3411110082928
U Káňů,,49.8173610041148,18.3413630089207
U Káňů,,49.8174120037209,18.3400110085295
Turgeněvova,,49.824723004215,18.344827008745
Turgeněvova,,49.8238010041409,18.3445060084133
Slunná,,49.8301680045996,18.3475550088686
Slunná,,49.8315020045793,18.3505580087987
Holandská,,49.8358820046042,18.3506950087072
Holandská,,49.8356320039552,18.3509580083734
Michálkovice,,49.8417310041094,18.3446640086262
Michálkovice,,49.8421370043042,18.3443770091733
Michálkovice,,49.8419780037689,18.3450500085281
Michálkovice,,49.8418950037855,18.3443630093983
Eldorádo,,49.8444140040425,18.354664009002
Eldorádo,,49.8441600040233,18.3544460095499
Svět techniky,,49.8206090040882,18.28109200891
"Hrabůvka,Dvouletky",,49.7918200039297,18.2570460091028
"Hrabůvka,Dvouletky",,49.7914860044577,18.2584920092014
"Hrabůvka,Dvouletky",,49.790380004269,18.257592008877
Učiliště Vítkovic,,49.7937510044265,18.2640740090777
Učiliště Vítkovic,,49.7922430045799,18.2631680092443
"Mor. Ostrava,Plynárny",,49.8446430045158,18.2787050082735
"Mor. Ostrava,Plynárny",,49.8446100041003,18.2782700087278
Ocelářská,,49.805791004096,18.2656070084661
Ocelářská,,49.8056030039255,18.2658090087957
Bivojova,,49.8075820041983,18.2727660092995
Bivojova,,49.8073610040432,18.2730130092618
Hladnov,,49.8436900038719,18.3045010086805
Hladnov,,49.8437230045236,18.3041950083762
Korunní,,49.8316360039717,18.2531250088913
Korunní,,49.8321830043447,18.2527290086038
Mariánskohorská,,49.8355700041615,18.2477450088058
Mariánskohorská,,49.8352880040365,18.2478150093679
Koksovna Jan Šverma,,49.8389650044803,18.2397240091484
Koksovna Jan Šverma,,49.839641003929,18.23945800925
Grmelova,,49.837091004476,18.2481330089403
Grmelova,,49.8365570042529,18.2473090084161
Důl Jan Šverma,,49.8427510038095,18.2379640084899
Důl Jan Šverma,,49.8425290044851,18.2378640092757
Za Mostem,,49.8379600045641,18.240150009144
Za Mostem,,49.8379710038195,18.2399620082272
Chem.závody osada,,49.8334310044617,18.2300040086098
Chem.závody osada,,49.833777004328,18.2302960084753
Chemické závody,,49.8343880046774,18.2334020092356
Chemické závody,,49.8343510043302,18.2328810081604
Frýdecká,,49.8042430042866,18.2893920082568
Frýdecká,,49.8039480040012,18.2898440084709
Frýdecká,,49.8045150040042,18.2908190085251
Frýdecká,,49.8046570040669,18.2912290084172
Nová ocelárna,,49.8158550039259,18.257195009165
Nová ocelárna,,49.8153870046293,18.2567760087436
Romo,,49.8139770042719,18.2515330088224
Romo,,49.8138660039694,18.2514330087668
Štramberská,,49.810357004487,18.2558870081921
Štramberská,,49.8103890042271,18.2563570091886
Karolina U Lávky,,49.8303460044048,18.2834040085537
Karolina U Lávky,,49.830755003983,18.2836000085857
Karolina U Lávky,,49.8316100043052,18.285228008514
Karolina U Lávky,,49.8315710038341,18.2842400095376
Bělský les,,49.782397004014,18.2457300086437
Bělský les,,49.782337003751,18.2459780090544
Plzeňská,,49.7750100037677,18.2441910089891
Plzeňská,,49.7751750045121,18.2444480089693
Chrobákova,,49.7698110044884,18.2426530095173
Chrobákova,,49.7697370043464,18.2427430083739
Husův sbor,,49.7656730042935,18.2399790093805
Husův sbor,,49.7663710045903,18.2403460093287
"Stará Bělá,střed",,49.7618790044177,18.2378620088896
"Stará Bělá,střed",,49.7607430043942,18.2369920085865
"Stará Bělá,střed",,49.760794003946,18.2393920083179
Požární zbrojnice,,49.762439004243,18.225323008479
Požární zbrojnice,,49.7618170043726,18.2266440088431
U Lípy,,49.7632650046143,18.215065008793
U Lípy,,49.7631440040493,18.2154750091772
"Stará Bělá,křiž.",,49.7631120045454,18.2052230086566
"Stará Bělá,křiž.",,49.7629770045722,18.2061980089983
"Stará Bělá,křiž.",,49.7637230044888,18.2063450092574
Horní cesta,,49.7544000042779,18.1998450091861
Horní cesta,,49.7565510043466,18.2009540094845
Proskovice,,49.7516560042364,18.1978290091806
Proskovice,,49.7518470040174,18.1975380085153
Horymírova,,49.8052610039147,18.2365260094427
Horymírova,,49.8049490040402,18.2357770095178
"Zábřeh,OC",,49.8005140044743,18.2330100092225
"Zábřeh,OC",,49.7999150042137,18.2331440092368
"Zábřeh,OC",,49.8014010045376,18.2343200087294
"Zábřeh,OC",,49.8015340044069,18.2338280083591
ÚMOb Jih,,49.7931240040343,18.2504240085361
ÚMOb Jih,,49.7936200043925,18.2502310082813
ÚMOb Jih,,49.7949160043609,18.2531550094224
ÚMOb Jih,,49.7944880042773,18.2513440085694
Staré Výškovice,,49.7850540037737,18.2191790086415
Staré Výškovice,,49.7848520042285,18.2196140086401
Smrčkova,,49.7812260037314,18.2155040082441
Smrčkova,,49.7813800038039,18.2158800083885
"Výškovice,osada",,49.7758840038484,18.2114110082493
"Výškovice,osada",,49.7759140043226,18.2115880094238
Ústřední hřbitov,,49.8299290038257,18.3082390085197
Ústřední hřbitov,,49.8307040037891,18.3068770092208
Lihovarská,,49.8159340040399,18.33007800862
Lihovarská,,49.8159950043631,18.3291880089253
"Radvanice,škola",,49.816958003771,18.3338260083927
"Radvanice,škola",,49.8167880038208,18.3343660093388
Dalimilova,,49.8132610041297,18.3358810085912
Dalimilova,,49.8136480043138,18.3360580090058
Bajger,,49.8065300045787,18.3412200091028
Bajger,,49.8070780040487,18.3407510085221
Olšák,,49.8037670042506,18.3457720090399
Olšák,,49.803321004453,18.3469440094086
U Samoobsluhy,,49.7991580041633,18.3533190094191
U Samoobsluhy,,49.8008380042907,18.3510220089588
"Bartovice,Ještěrka",,49.7969310037265,18.3569910088088
"Bartovice,Ještěrka",,49.797620004488,18.3561620095074
"Bartovice,Ještěrka",,49.7961160046212,18.3584670091212
"Bartovice,Ještěrka",,49.7959650044748,18.358390008913
Františkov,,49.8394730043442,18.3030550084748
Františkov,,49.8391770040561,18.3031630095164
Václavek,,49.7787020045147,18.3467520087093
Václavek,,49.7786080043299,18.3462960084627
U Plodiny,,49.7806000044827,18.3418200086772
U Plodiny,,49.7799310044264,18.3444610089936
"Bartovice,Pod Tratí",,49.7835710045036,18.335650008718
"Bartovice,Pod Tratí",,49.7836830042007,18.3357990082936
"Bartovice,Pod Tratí",,49.7834890043295,18.3359730086545
"Přívoz,Oderská",,49.8571780039044,18.2413930092717
"Přívoz,Oderská",,49.8574150040423,18.2412770091901
Čistička odp.vod,,49.8525790044994,18.2443270085898
Čistička odp.vod,,49.8527520038221,18.2445620085368
Přednádraží,,49.8519050040804,18.2588530086183
Přednádraží,,49.8518300044329,18.2584590089936
Palackého,,49.8545390040079,18.2633430092345
Palackého,,49.8550480038222,18.2639990094208
Na Mlýnici,,49.8570560039798,18.2682320092573
Na Mlýnici,,49.8574350038233,18.268855008912
Vozovna trolejbusů,,49.8484960042221,18.2826250095061
Vozovna trolejbusů,,49.8482870046299,18.2833210083592
Vozovna trolejbusů,,49.8486940045931,18.2827620090787
Vozovna trolejbusů,,49.8486930038213,18.2829640083295
Horn.poliklinika,,49.8456440043799,18.2863080093963
Horn.poliklinika,,49.8466080040998,18.2856590085012
Nová radnice,,49.8423300040133,18.2892110084255
Nová radnice,,49.8419210046045,18.2898940087561
Splavní,,49.8232290042556,18.1608670088503
"Poruba,Studentská",,49.8322710043943,18.1565500081916
"Poruba,Studentská",,49.8324660038802,18.1568930084053
"Poruba,Studentská",,49.8326250044826,18.1568270086928
K Myslivně,,49.8286760044204,18.1541220084885
K Myslivně,,49.8286660039559,18.1544010086513
Pod Nemocnicí,,49.8255260038916,18.1568900082692
Pod Nemocnicí,,49.8255560040256,18.1563400089052
Nábřeží SPB,,49.8236870041045,18.1679620087884
Nábřeží SPB,,49.823681003973,18.1684450091078
Dělnická,,49.821492004468,18.1773890086654
Dělnická,,49.8217360042821,18.1767620084276
Bytostav,,49.820286004449,18.182835009367
Bytostav,,49.820625004601,18.1823780092545
Malá strana,,49.8154980043034,18.1905450091415
Malá strana,,49.8163650044827,18.1876130087703
"Svinov,náměstí",,49.8150240043939,18.1972030092552
"Svinov,náměstí",,49.8151570039773,18.197103008407
"Svinov,škola",,49.8183530042746,18.2021160092236
"Svinov,škola",,49.8183510038869,18.2017990095407
Husův sad,,49.839022004214,18.2880990085367
Husův sad,,49.8390430038787,18.2875200086456
Nová Ves,,49.8235830043387,18.2233860091191
Nová Ves,,49.8232560040294,18.2237800085708
Strmá,,49.8348190038986,18.2525870092857
Strmá,,49.8350430045522,18.2526160094031
Jiřího Trnky,,49.8370960044119,18.258182008853
Jiřího Trnky,,49.8369750038954,18.2574800086172
Sídliště Fifejdy,,49.8363110039693,18.2611780089967
Sídliště Fifejdy,,49.8365550043914,18.2614460094019
Futurum,,49.8324560038855,18.2622980082316
Futurum,,49.8328410041277,18.2624700094178
LDN,,49.8174410041305,18.3490700088474
LDN,,49.81756800392,18.3489480092536
"Radvanice,Ludvíkova",,49.8074730042977,18.3597200095905
"Radvanice,Ludvíkova",,49.8083550042569,18.3591370088291
"Třebovice,Tesco",,49.8285220040853,18.1999000085188
"Třebovice,Tesco",,49.8282950044328,18.1997100085346
"Třebovice,OC",,49.8268480039054,18.1985060088365
"Třebovice,OC",,49.8265760042743,18.1992350091178
Náměstí SNP,,49.7915870039096,18.2368430089897
Náměstí SNP,,49.7914600041186,18.2372700090025
Rottrův sad,,49.8003810044321,18.2531050091659
Kolonie Bedřiška,,49.8173450044587,18.2368340083763
Dvořáčkova,,49.8193310042054,18.3329240082998
Dvořáčkova,,49.8195090040519,18.3327750095655
Trnkovec škola,,49.8240140039601,18.3334930088868
Trnkovec škola,,49.8232370037756,18.3333970084468
Trnkovec,,49.8275570041019,18.3344580087836
Trnkovec,,49.8284140040139,18.3344370090205
Pikartská,,49.830677004302,18.3400970095405
Trnkovecká,,49.8343050039829,18.3375230085237
Trnkovecká,,49.8332030045432,18.3382880087161
Konečného,,49.8387300040307,18.3336710091062
Konečného,,49.8385330040175,18.3336340091683
Na Jánské,,49.8398630041838,18.3267520088208
Na Jánské,,49.8400910044591,18.3266860091528
Na Jánské,,49.8398820042122,18.3289730087933
Na Jánské,,49.8397800040167,18.328740008277
Na Najmanské,,49.8416430045302,18.3220130084642
Na Najmanské,,49.8413780045976,18.3229730094685
ZOO,,49.8430380041601,18.3189490082986
ZOO,,49.8435600045839,18.3180750094383
ZOO,,49.8435470044454,18.3186900095616
ZOO,,49.8436590044513,18.3180050087135
Karola Šmidkeho,,49.8480590045317,18.1620240089329
Karola Šmidkeho,,49.8489350045844,18.1608380082125
Gymnázium,,49.8474710043062,18.3064960084633
Gymnázium,,49.846146004297,18.3057960084057
Sídliště Muglinov,,49.8510740043534,18.3060030094926
Sídliště Muglinov,,49.8506210041366,18.3058150095144
Hladnovská,,49.8549880045503,18.3006840085508
Hladnovská,,49.8538090039938,18.3020790085454
Hladnovská,,49.8541650039875,18.2997830094178
Betonářská,,49.8583790042954,18.2994010089018
Betonářská,,49.8592020045287,18.29910100935
Mexiko,,49.8561270043194,18.294023009091
Mexiko,,49.8559000046217,18.2937630090973
Mexiko,,49.8596080042552,18.293510008504
Lávka,,49.8510050044691,18.2934730094133
Lávka,,49.8511930046121,18.2930850095099
Nám.J.Gagarina,,49.8391340037926,18.2964800086498
Nám.J.Gagarina,,49.8385190041954,18.2965870083549
"Poruba,Otakara Jeremiáše",,49.8426430042747,18.1573240090296
"Poruba,Otakara Jeremiáše",,49.8427250039961,18.1568460092114
Jirská osada,,49.8472950039194,18.2690550094208
Jirská osada,,49.8461100040498,18.2661510088431
Jirská osada,,49.8453880038652,18.2715100087011
Jirská osada,,49.8469710038388,18.2708220088871
Nákladní,,49.8406740044095,18.2590630082365
Nákladní,,49.8406340041308,18.2595780091467
"Poruba,Alšovo nám.",,49.8299340044747,18.1687420089737
"Poruba,Alšovo nám.",,49.8294370043744,18.1689140082553
"Poruba,Alšovo nám.",,49.8296320038585,18.1699340090521
Nezvalovo náměstí,,49.8279460042267,18.1766110082735
Nezvalovo náměstí,,49.8274760045365,18.176681008243
Francouzská,,49.8263160040479,18.1829930083892
Francouzská,,49.8258450046392,18.183035008918
Inovační centrum,,49.8375120040777,18.1554330088292
Bohumínská,,49.8589130043426,18.2919960085568
Bohumínská,,49.859020004222,18.2923870094225
Bohumínská,,49.8583100038879,18.2909290083615
Bohumínská,,49.8583340042264,18.2920030094354
Na Liščině,,49.8611610045063,18.3014710091142
Na Liščině,,49.8607880041175,18.3011460084639
Náměstí Gen.Svobody,,49.7981250043176,18.256350009003
Náměstí Gen.Svobody,,49.798066004448,18.2565220088698
Hornické muzeum,,49.8671790043871,18.2556370094407
Hornické muzeum,,49.867026004511,18.2560470088113
Hornické muzeum,,49.866473003962,18.2554000090193
Hornické muzeum,,49.8668910046516,18.2556130094126
Hornické muzeum,,49.8672040045519,18.2546810093673
Hornické muzeum,,49.8670180045862,18.2536880090932
K Lidicím,,49.8642030045782,18.2482230094774
K Lidicím,,49.8640990043728,18.2480120088584
Finské domky,,49.8612070041201,18.2400590089988
Finské domky,,49.8612710038405,18.239988008715
Lhotka,,49.8561700038627,18.2293250095
Lhotka,,49.8562620043718,18.2291940081552
Hošťálkovice,,49.8498080044713,18.2145230087984
Hošťálkovice,,49.8496580046402,18.2145620083232
Žleby,,49.8552400043796,18.2144380092463
Žleby,,49.855208004389,18.2145840094765
"Hošťálkovice,vysílač",,49.860808004133,18.2135920083331
"Hošťálkovice,vysílač",,49.8612670038424,18.2136610092005
Kulturní dům,,49.7634460042931,18.2391500084657
Sámova,,49.7914180044892,18.2525450090014
Sámova,,49.7910700042745,18.2522870084689
Na Jízdárně,,49.8260540042296,18.2717840091899
Na Jízdárně,,49.8262630044402,18.2727810088485
"Hrabová,PZ sever",,49.7701810037912,18.2683080085199
"Hrabová,PZ sever",,49.7698530039953,18.2680780086162
"Hrabová,PZ střed",,49.7649730037524,18.2685670084594
"Hrabová,PZ střed",,49.7638110038006,18.2684600090437
"Martinov,střed",,49.8574590044916,18.1772990089612
"Martinov,střed",,49.8561290043128,18.1790780081978
"Martinov,střed",,49.8563790040844,18.1785550093053
Vozovna Křivá,,49.8440110045942,18.2763510089945
Vozovna Křivá,,49.8439200043635,18.276019009149
Na Valech,,49.8366440038879,18.1901200089074
Na Valech,,49.8365190043659,18.1903510081682
Třebovice,,49.8361820038558,18.1940090095663
Třebovice,,49.8344750040796,18.1945030082891
Bartošova,,49.8241740039201,18.2232750089707
Bartošova,,49.8240530044514,18.2238210094601
Balkán,,49.8148180043264,18.2220430093823
Balkán,,49.8153930044983,18.2209550082088
Školní statek,,49.8123980043439,18.2273370084866
Školní statek,,49.8119660045575,18.2281970092998
Pískové doly,,49.8082590045003,18.2315380081688
Pískové doly,,49.8087990038738,18.2311270088045
Závoří,,49.8074230043778,18.2364430093598
Závoří,,49.8075540042162,18.2361670094891
Stodolní žel.zastávka,,49.8348930038203,18.2808460086298
Stodolní žel.zastávka,,49.8345430042361,18.2812370092321
Stodolní žel.zastávka,,49.8360830045343,18.2837310082928
Chalupová,,49.905712003818,18.3143080082884
Bajkalská,,49.8354350046026,18.184712009029
Bajkalská,,49.8351920042678,18.1848460083628
Ahepjukova,,49.8394380044148,18.2610310085076
Ahepjukova,,49.8392930038407,18.2606110088284
Lechowiczova,,49.8422930042399,18.262800009229
Lechowiczova,,49.8423270040305,18.2623440088564
Hornopolní,,49.8419580039284,18.2678630084801
Hornopolní,,49.8422100043551,18.2678940091076
Hornopolní,,49.8423980040375,18.268967008393
Pivovar,,49.840043004229,18.2720640093805
Pivovar,,49.8403460043662,18.2720020088417
Mongolská,,49.8224290044214,18.1951390087983
Mongolská,,49.8225280046342,18.1950070089528
Kubánská,,49.823899003984,18.1851000082922
Kubánská,,49.8237720046175,18.1855150087043
Zvěřinská,,49.8259910040324,18.3168590084998
"Polanka,U Cihelny",,49.7901630044241,18.1587810081102
"Polanka,U Cihelny",,49.7909560038346,18.1594200088437
Jana Šoupala,,49.8410990042906,18.1734470084286
Jana Šoupala,,49.8419500044088,18.1723370090929
Heyrovského,,49.8404270044541,18.1781300093133
Heyrovského,,49.8404690040594,18.1776400087018
"Poruba,Opavská",,49.8454000043509,18.150924009236
"Poruba,Opavská",,49.8457850041264,18.1509110094833
Ludvíka Podéště,,49.8466920038665,18.1560010086841
Ludvíka Podéště,,49.8469580045287,18.156102008315
Oty Synka,,49.8488510039732,18.1587360092713
Duha,,49.8444490045649,18.1685620090432
Duha,,49.8447830040516,18.168911008306
Duha,,49.843289003801,18.1677370082883
Duha,,49.8434300043736,18.1673490086633
Náměstí Družby,,49.8366990040372,18.1837390085866
Náměstí Družby,,49.8371350040282,18.1838530081792
U Dluhoše,,49.7863080043422,18.1582700088571
U Dluhoše,,49.7862270039194,18.1589730091759
Věžičky,,49.8299150040823,18.1742390084053
Věžičky,,49.8275100045862,18.1725990082798
Oblouk,,49.8244790043598,18.1731850087972
Oblouk,,49.823919004244,18.1731740089171
"Poruba,Studentské koleje",,49.836009003831,18.1575760086911
"Poruba,Studentské koleje",,49.8360840046894,18.1580490089953
Uhelné sklady,,49.841592004499,18.2423140089866
Uhelné sklady,,49.84189800385,18.2430480092981
Hrušovské mosty,,49.8637530042609,18.2920960094872
Hrušovské mosty,,49.8633700039423,18.2920070089749
Žižkova,,49.8664780044615,18.2888170088879
Žižkova,,49.8657570045297,18.2891870091933
Koblov,,49.8732180038183,18.2838160090136
Koblov,,49.8731150046828,18.284031008882
Koblov škola,,49.8782670043215,18.2863150088006
Koblov škola,,49.877749004475,18.286269009532
Důl Koblov,,49.8830840039722,18.2889100084793
Důl Koblov,,49.8830900046659,18.2891070087299
Malý kopec,,49.8900750045082,18.2959620093002
Malý kopec,,49.8897810044194,18.2957420094787
"Koblov,Štěrkovna",,49.8971640041689,18.3104050086345
"Koblov,Štěrkovna",,49.8969920040862,18.3102630095526
Vrbina,,49.8993520044522,18.3138730084512
Antošovice,,49.904031004492,18.3143300094448
Antošovice,,49.9043740045552,18.3146690094777
Řecká,,49.8253190040452,18.1966610086386
Řecká,,49.8251300040466,18.1963870094918
Řecká,,49.8249790045978,18.1966790087308
Slavíkova,,49.8361450038944,18.179377009062
Slavíkova,,49.8363090042796,18.1791470094688
Slavíkova,,49.835546004605,18.1777030094572
Slavíkova,,49.835434003887,18.1773620094504
Lékařská fakulta,,49.8115560043819,18.2508190085902
Lékařská fakulta,,49.8111570039509,18.2515050089433
U Korýtka,,49.8014540041189,18.2183550084707
Výškovická,,49.797429004406,18.2318080090335
Výškovická,,49.7970090044654,18.2339680086264
"Krásné Pole,Družební",,49.8480870042499,18.124747008586
Záuliční,,49.8462810038476,18.1215930084248
Hájkovická,,49.8395190046191,18.1224780092673
"Krásné Pole,střed",,49.8436800039082,18.1240200094672
"Krásné Pole,střed",,49.8436510039464,18.1245070091584
Krásnopolská,,49.8403270038831,18.1513230093892
Krásnopolská,,49.840412003998,18.1516040084354
Pustkovecká,,49.8400660040908,18.156916009359
Pustkovecká,,49.8403690042874,18.1567600093852
Jelínkova,,49.8116740041794,18.1985540093007
Jelínkova,,49.811912003881,18.1987590092072
Fibichova,,49.8081080042395,18.1985200089437
Fibichova,,49.8077330040923,18.1988040095291
Zelenina,,49.8027550044231,18.1983010081874
Zelenina,,49.8022700037892,18.1984950087687
U Olší,,49.7967400043184,18.1967250091899
U Olší,,49.7964070043375,18.1966580090184
Kovošrot,,49.7911660040957,18.1919700095289
Kovošrot,,49.7916910039661,18.1927260083316
Štěrkopísek,,49.783925004398,18.1887820093036
Štěrkopísek,,49.7828370045986,18.1887860089475
Dolní Polanka,,49.7790740038871,18.1836790094715
Dolní Polanka,,49.7789100044575,18.1851220086778
Hraničky,,49.7790310044833,18.1708010084043
Hraničky,,49.7787790046407,18.1709520088495
Horní Polanka,,49.7864960041733,18.1661360094816
Horní Polanka,,49.7875410045809,18.1668340086729
"Polanka,střed",,49.7874310043858,18.1627430092578
"Polanka,střed",,49.7882690040522,18.1628320090672
Skotnice,,49.7852990043158,18.154807008795
Skotnice,,49.7848690042793,18.1534400091723
Polanka,,49.7840020039571,18.1457430089414
Polanka,,49.7841680045749,18.1462200088489
Josefa Skupy,,49.8479300045548,18.1743800091673
Josefa Skupy,,49.8478310044475,18.1730130089878
Pustkovec,,49.8384910043936,18.1687990094235
Pustkovec,,49.838636004711,18.1685720094403
Sokola Tůmy,,49.8268030045303,18.2462500085546
Sokola Tůmy,,49.8273120045929,18.2466210085991
"Hrabůvka,Benzina",,49.7824600038511,18.2714570095453
"Hrabůvka,Benzina",,49.7827410042035,18.2718740094587
Na Josefské,,49.8404580039228,18.3242470088905
Pod Kopcem,,49.7628600038753,18.256022008991
Pod Kopcem,,49.7624310037365,18.255936009168
"Nová Bělá,křižovatka",,49.7559780042019,18.2512010084786
"Nová Bělá,křižovatka",,49.7552870046034,18.2504000092937
"Nová Bělá,křižovatka",,49.755531003817,18.2511520084028
Nová Bělá úřad,,49.7535970043885,18.2543740089714
Nová Bělá úřad,,49.753420004357,18.2550410085801
"Nová Bělá,školka",,49.7491230042899,18.2621000089186
"Nová Bělá,školka",,49.7490300037105,18.2623100085677
Mitrovice,,49.7460440040097,18.2708690093242
Mitrovice,,49.7460860041265,18.2711410093232
"Plesná,Žižkov",,49.8604250038624,18.1633020085285
"Plesná,Žižkov",,49.8601470046341,18.1634410082885
Stavebniny,,49.8609340044922,18.1545710086454
Stavebniny,,49.8604910046406,18.1549420087903
Plesenka,,49.8623800043025,18.147471009284
Plesenka,,49.8621470039561,18.1474940084304
Nová Plesná,,49.8646700039295,18.1411790093682
Nová Plesná,,49.8645750044227,18.1413320093057
Pomník RA,,49.8660390043931,18.13422900833
Pomník RA,,49.866203004501,18.1325720093739
"Petřkovice,kaple",,49.8711330040653,18.2576960092055
"Petřkovice,kaple",,49.8716030042797,18.2587680092904
"Sl.Ostrava,radnice",,49.8365160045102,18.2994380088521
"Sl.Ostrava,radnice",,49.8365490041263,18.2993280082943
Šilheřovická,,49.8761520043041,18.2692490093168
Šilheřovická,,49.8760010039647,18.268677008844
Dubí,,49.8155450040638,18.2093750087309
Růžová,,49.8581550042634,18.3088940091354
Přemyšov,,49.8060990046136,18.1784350087044
Přemyšov,,49.8058700037886,18.1779320081857
Janová,,49.8057320044617,18.1684220093417
Janová,,49.8056240037941,18.1685330084772
Tomáškova,,49.8011210044634,18.1609850093262
Tomáškova,,49.8014190038363,18.1615990083871
"Výškovice,Klášterského",,49.7791690040282,18.2137270086256
"Výškovice,Klášterského",,49.779143003822,18.213990009531
Bartovická,,49.8018240046252,18.3490420092291
Hrabovská,,49.7494900041745,18.2760810085247
Hrabovská,,49.7493220042737,18.2760680083071
Kolonie,,49.7504810041074,18.2478350082323
Kolonie,,49.7509230038685,18.2482310083571
"Nová Bělá,Krmelínská",,49.7461450041688,18.2473740083161
"Petřkovice,náměstí",,49.8756440043043,18.2586630091847
"Petřkovice,náměstí",,49.8760730043815,18.2582570086732
"Petřkovice,náměstí",,49.8753350046202,18.2586410086027
Jaklovecká,,49.8435350043847,18.3008700093968
Jaklovecká,,49.8439840042395,18.3011420086721
U Pumpy,,49.8429020039992,18.3333170085262
U Pumpy,,49.8430890046682,18.3330660093133
U Lékárny,,49.8428510045279,18.3394780095642
U Lékárny,,49.8431430043201,18.3389710085627
Vršovců,,49.831981004522,18.247891008503
Vršovců,,49.8329050041298,18.2489780094899
Náprstkova,,49.8301980043649,18.2454010087172
Náprstkova,,49.8303060042601,18.2452480093678
Keramická,,49.8572990041909,18.290106008954
Keramická,,49.8572710039496,18.290373009052
Riegrova,,49.8671940045394,18.2851150082942
Riegrova,,49.8669700038,18.2850990086212
Lámař,,49.8745800046136,18.2800380089431
Lámař,,49.8742990045238,18.2802980084124
Poruba U Nemocnice,,49.8305140038476,18.1600770088982
Poruba U Nemocnice,,49.8307410045929,18.1598560091268
A-blok,,49.8443690041083,18.2406750086409
A-blok,,49.844166004404,18.2401850090905
Garáže Poruba,,49.8371430045273,18.171403008883
Garáže Poruba,,49.8367660040677,18.1711100093766
Garáže Martinov,,49.8465950043287,18.185246008123
Garáže Martinov,,49.8465950043287,18.185246008123
Garáže Martinov,,49.8465950043287,18.185246008123
Antonína Poledníka,,49.7793370040898,18.2520550087096
Antonína Poledníka,,49.7789300044075,18.2517900093837
Antonína Poledníka,,49.7785240040414,18.2516970093166
Václava Jiřikovského,,49.7746900040722,18.2478370092758
Václava Jiřikovského,,49.7751590042207,18.248428009355
Václava Jiřikovského,,49.775014004354,18.2478590081534
Náměstí B.Němcové,,49.8252030044636,18.1635990085673
Náměstí B.Němcové,,49.8256370040296,18.1623810093611
Most Pionýrů,,49.8404070039851,18.2921740082666
Most Pionýrů,,49.8406490045681,18.2920390091574
Most Pionýrů,,49.840938003892,18.2931970086394
Most Pionýrů,,49.8408160042182,18.2905970091518
Most Pionýrů,,49.8400550043788,18.2910910089699
"Hrabová,PZ jih",,49.759126004286,18.2693530083814
"Hrabová,PZ jih",,49.7586080040708,18.2691470086779
Míroděv,,49.8112880042794,18.3646470094528
Míroděv,,49.8115470041675,18.3649190094136
STAV-IZOL,,49.8181180044704,18.3190100092297
STAV-IZOL,,49.8177680041634,18.3193160085417
"Svinov,vysílač",,49.8113520040687,18.1934440090913
"Svinov,vysílač",,49.8110310043406,18.1932570090984
Bazaly,,49.8452570040241,18.2967390088612
Bazaly,,49.8461960039883,18.2958060092946
Bazaly,,49.8446880041703,18.2970620088164
Bazaly,,49.8444450039124,18.2972120084083
Bazaly,,49.8448620044426,18.2970970094586
U Boříka,,49.8220000040873,18.2232760094834
U Boříka,,49.8220760043752,18.2227290081567
U Boříka,,49.8215400042467,18.2189120092083
Karpatská,,49.8051970042084,18.2416930083966
Karpatská,,49.8049770040124,18.2424790091189
Karpatská,,49.8053750044906,18.2415320089959
Karpatská,,49.8051820044135,18.2404420090902
Podsedliště,,49.8875120042274,18.2927990088861
Podsedliště,,49.8872420042861,18.2926320088147
Blatouchová,,49.89292300467,18.3020950092577
Blatouchová,,49.8933340042246,18.3031260089609
Petra Křičky,,49.827542004452,18.2765630095397
Petra Křičky,,49.8276040041414,18.2771540088069
Černá louka,,49.8347050043325,18.2936010084947
Jižní svahy,,49.8207510040611,18.1903810082454
Jižní svahy,,49.8210560042849,18.1899150092435
Kosmonautů,,49.7876940041419,18.2327730087295
"Zábřeh,Korýtko",,49.7920390040117,18.2227820092619
"Krásné Pole,Planetárium",,49.8374580043176,18.1441040087699
Rozcestí k Planetáriu,,49.8404160042791,18.1378640085933
Rozcestí k Planetáriu,,49.8404040042911,18.137754009219
U Hůry,,49.8595750047025,18.1675780089594
U Hůry,,49.8590780039866,18.1689150084778
"Stará Bělá,kostel",,49.7631400041272,18.2364050085727
"Stará Bělá,kostel",,49.7636590038833,18.2354120091051
U Balcara,,49.7561470038245,18.2482370088199
U Balcara,,49.7562520038034,18.2483540095702
"Petřkovice,lékárna",,49.8736340041928,18.2598760087946
"Petřkovice,lékárna",,49.873970004555,18.2599500083676
Králičí,,49.8093060041563,18.2925390094127
Králičí,,49.8097360042968,18.2933450090532
Hradní náměstí,,49.8311010046215,18.301413008604
Hradní náměstí,,49.8322560040349,18.3006070086514
Fryštátská,,49.8121720043272,18.3352680093208
Fryštátská,,49.8119340044561,18.3354750095127
Dubina,,49.7703390046116,18.2456690093231
Dubina,,49.770920004542,18.2457200083738
Dubina,,49.770542004266,18.2464790085021
Dubina,,49.7708500040207,18.2457910083791
Mariánské Hory,,49.826403004581,18.2586430090267
Mariánské Hory,,49.8262340040908,18.2590880095209
Mariánské Hory,,49.8262760042489,18.2580520092239
Krematorium,,49.8334730037901,18.3119640090208
"Plesná,Globus",,49.8473970045732,18.14549100819
"Plesná,Globus",,49.8475110044574,18.1453230091402
U Statku,,49.7893680041841,18.3509770087236
U Statku,,49.7893820045608,18.3515060084782
Podzámčí,,49.7851830042514,18.3488120094643
Podzámčí,,49.7852750038167,18.3490730086338
U Hradu,,49.8305370046631,18.2966690094509
U Hradu,,49.8301810044928,18.296777009055
U Hradu,,49.8319820043667,18.2977070090284
U Hradu,,49.8318640045076,18.2980490084164
Alpine IPS,,49.7806880043095,18.3452640093009
Hálkova,,49.8563320044176,18.2582990084235
Hálkova,,49.8566480040424,18.2593200084889
Horní brána,,49.8350750042618,18.1756060085534
Horní brána,,49.834789004242,18.1698610092193
Horní brána,,49.8349530044215,18.1759260083594
Horní brána,,49.8346550038021,18.1734320089305
Konzervatoř,,49.8381280038572,18.2842020088916
Konzervatoř,,49.8382050043422,18.2836090087895
Konzervatoř,,49.8394740045243,18.2829800085811
Outlet centrum,,49.8592830038589,18.2553640089615
Outlet centrum,,49.8593030041114,18.2552540086686
Kotkova,,49.8154610040489,18.2622640089268
Kotkova,,49.8148570038561,18.2632540083088
"Vítkovice,hřbitov",,49.7976820041063,18.2613650093544
"Vítkovice,hřbitov",,49.7972740039983,18.2620070094006
Most Mládeže,,49.7984870044699,18.2468470088662
Most Mládeže,,49.7982680046352,18.2475560093963
AVION,,49.8018080045475,18.2270750082421
Senovážná,,49.8325590040442,18.2796090089924
Marešova,,49.8467610044521,18.3358760089295
Marešova,,49.8454880041279,18.3343650095957
Radova,,49.7934970040475,18.3547200094762
Radova,,49.7938130045264,18.3553050086702
Fišerova,,49.8501870042743,18.3347970082791
Fišerova,,49.8501830043429,18.3346120094709
Valchařská,,49.8444640043991,18.2802940092824
Valchařská,,49.8431100042376,18.2795660089139
Městská nemocnice,,49.8328440043416,18.2769800086672
Čs. legií,,49.8369140043332,18.2897900082252
Divadlo loutek,,49.8341080043403,18.2923580086344
Kopaniny,,49.8509160045157,18.1454800084188
Kopaniny,,49.8525570045547,18.146945008467
Liščí,,49.8596600044744,18.1484430087603
Vlnitá,,49.8579630039904,18.1521650084328
"Plesná,statek",,49.8566090046264,18.1507090094174
"Plesná,statek",,49.8556550042047,18.1498910083547
Spojovací,,49.8469300039011,18.1509270088121
Spojovací,,49.8472600039639,18.1507560089074
"Svinov,nádraží",,49.8214400042063,18.2088960087792
"Svinov,nádraží",,49.8211920043365,18.2085320090733
Garáže Hranečník,,49.8223660042323,18.3212460086515
Garáže Hranečník,,49.8223660042323,18.3212460086515
Garáže Hranečník,,49.8223660042323,18.3212460086515
Daliborova,,49.8273980043053,18.254088009084
"Kunčičky,kostel",,49.8082820038712,18.3048110085273
"Kunčičky,kostel",,49.8087090043377,18.3046240090053
"Poruba,radnice",,49.8225340041678,18.1665090090975
"Poruba,radnice",,49.8226320037974,18.1663740087685
Nádraží Kunčice,,49.7891810042101,18.2902740088526
Nádraží Kunčice,,49.789110003922,18.2899570087206
U Garáží,,49.8730980042388,18.2517030083092
U Garáží,,49.8732910045006,18.2521800094798
Za Obchodem,,49.8705970038276,18.2450030089688
Havraní,,49.8685250040326,18.2420310090905
"Petřkovice,Nordpól",,49.8657920042871,18.2411660092138
"Petřkovice,Nordpól",,49.8656570038924,18.2412910083493
"Petřkovice,Nordpól",,49.8656840040767,18.2412030091059
Panská,,49.8381970040042,18.3381880089131
Panská,,49.8386650041373,18.3387570091199
Bláhova,,49.8379390040408,18.3454170096193
Michálské náměstí,,49.8403330045393,18.346023009266
Zlatnictví,,49.8378360043855,18.3505900083387
Zlatnictví,,49.8379080045881,18.3505860092388
"Michálkovice,Brazílie",,49.8335200040408,18.35922900877
Rajská,,49.8348500041196,18.3546850084462
Hasičská zbrojnice,,49.8403310040384,18.3487280089253
Botanická zahrada,,49.827633004017,18.3248510083109
Botanická zahrada,,49.827922003877,18.3248880088027
Kramolišova,,49.8304800044901,18.3265490087544
Kramolišova,,49.8305800045016,18.32646000892
Kovařovicova,,49.8363500039054,18.328738008719
Kovařovicova,,49.8366160038081,18.328591008754
Čihalíkova,,49.834899004612,18.3491290090825
